setting,description,seed,n_seeds_total,masked,pr_auc,roc_auc,recall_fixed,precision_fixed,far_fixed,rmse,mae,r2
full,전체 상태 벡터 (기준),11,8,none,0.7367462392471069,0.8941283867148776,80.51948051948052,65.7243816254417,15.980230642504118,2.6005248787072563,2.2375714778900146,0.5123113393783569
full,전체 상태 벡터 (기준),22,8,none,0.7367108839502146,0.8936148969097898,81.38528138528139,65.27777777777777,16.474464579901152,2.657724128523305,2.209892511367798,0.49062174558639526
full,전체 상태 벡터 (기준),33,8,none,0.735727414237547,0.8941069913063323,80.95238095238095,65.15679442508711,16.474464579901152,2.615592721172495,2.255352258682251,0.5066434741020203
full,전체 상태 벡터 (기준),44,8,none,0.7239124459227918,0.8919531868461028,80.95238095238095,65.38461538461539,16.30971993410214,2.649511698953112,2.2390153408050537,0.49376481771469116
full,전체 상태 벡터 (기준),55,8,none,0.7352703070220441,0.8948059079854797,80.95238095238095,66.07773851590106,15.815485996705107,2.6108922145164772,2.2636709213256836,0.5084151029586792
full,전체 상태 벡터 (기준),66,8,none,0.7378930717169472,0.8952124207478409,81.81818181818181,64.94845360824742,16.803953871499175,2.627651691794617,2.3336117267608643,0.5020838379859924
full,전체 상태 벡터 (기준),77,8,none,0.7354349898339658,0.8940285414749994,80.95238095238095,65.84507042253522,15.980230642504118,2.5925198131013856,2.283113718032837,0.51530921459198
full,전체 상태 벡터 (기준),88,8,none,0.735767372443063,0.8929017166249457,80.95238095238095,66.31205673758865,15.650741350906095,2.632648044056963,2.2269444465637207,0.5001884698867798
drop_rms_energy,rms_energy 제외,11,8,rms_energy,0.7364156934446012,0.8933010975844583,79.65367965367966,66.4259927797834,15.321252059308073,2.591411041540547,2.2322092056274414,0.515723705291748
drop_rms_energy,rms_energy 제외,22,8,rms_energy,0.7346647938818939,0.8929373756391877,80.51948051948052,64.58333333333333,16.803953871499175,2.6699585762096643,2.271425247192383,0.4859212040901184
drop_rms_energy,rms_energy 제외,33,8,rms_energy,0.7356656756283819,0.8946775355342077,80.51948051948052,66.19217081850533,15.650741350906095,2.622579366757587,2.273790121078491,0.5040042996406555
drop_rms_energy,rms_energy 제외,44,8,rms_energy,0.7355784959424303,0.893279702175913,83.11688311688312,67.13286713286713,15.485996705107084,2.5929271817646717,2.2633144855499268,0.5151568651199341
drop_rms_energy,rms_energy 제외,55,8,rms_energy,0.7420806848478912,0.8952195525506892,80.95238095238095,65.84507042253522,15.980230642504118,2.62060351271296,2.2920048236846924,0.5047513842582703
drop_rms_energy,rms_energy 제외,66,8,rms_energy,0.7385652864999568,0.8973376979966766,82.25108225108225,65.51724137931035,16.474464579901152,2.64870467287159,2.2972724437713623,0.49407315254211426
drop_rms_energy,rms_energy 제외,77,8,rms_energy,0.7377270890039787,0.8939429598408182,80.08658008658008,66.7870036101083,15.156507413509061,2.6052915864617305,2.2549219131469727,0.5105218887329102
drop_rms_energy,rms_energy 제외,88,8,rms_energy,0.737306188410349,0.8925165992711298,79.22077922077922,64.66431095406361,16.474464579901152,2.6533289387281567,2.1884899139404297,0.49230509996414185
drop_kurtosis,kurtosis 제외,11,8,kurtosis,0.7319228136782104,0.8926948943423407,80.51948051948052,65.95744680851064,15.815485996705107,2.603334024195594,2.225374221801758,0.5112571716308594
drop_kurtosis,kurtosis 제외,22,8,kurtosis,0.735865106224785,0.8932725703730646,80.51948051948052,63.265306122448976,17.792421746293247,2.65017157305101,2.281477928161621,0.4935126304626465
drop_kurtosis,kurtosis 제외,33,8,kurtosis,0.7170278254197119,0.8916072944079535,82.25108225108225,65.7439446366782,16.30971993410214,2.667174727996478,2.331348419189453,0.4869927167892456
drop_kurtosis,kurtosis 제외,44,8,kurtosis,0.7254876893668859,0.8919888458603451,80.51948051948052,65.49295774647888,16.14497528830313,2.639947567332382,2.2144010066986084,0.4974130392074585
drop_kurtosis,kurtosis 제외,55,8,kurtosis,0.7267764198640723,0.8934223382328819,81.38528138528139,65.50522648083624,16.30971993410214,2.6237740151449875,2.2136707305908203,0.5035523176193237
drop_kurtosis,kurtosis 제외,66,8,kurtosis,0.7387175337812508,0.8949342804367515,81.81818181818181,66.3157894736842,15.815485996705107,2.5981268664388444,2.2560834884643555,0.5132102966308594
drop_kurtosis,kurtosis 제외,77,8,kurtosis,0.73876785510433,0.8949128850282063,82.68398268398268,66.08996539792388,16.14497528830313,2.5835032458468614,2.2472922801971436,0.5186747312545776
drop_kurtosis,kurtosis 제외,88,8,kurtosis,0.7300099403349758,0.8907621757704131,80.51948051948052,64.13793103448276,17.133443163097198,2.6177224594647877,2.2211837768554688,0.5058397054672241
drop_peak_amplitude,peak_amplitude 제외,11,8,peak_amplitude,0.7368536278554095,0.8940927277006353,80.08658008658008,65.83629893238434,15.815485996705107,2.608706360083179,2.2729480266571045,0.5092378854751587
drop_peak_amplitude,peak_amplitude 제외,22,8,peak_amplitude,0.7270084041842136,0.8921457455230108,81.81818181818181,64.94845360824742,16.803953871499175,2.6967920637583735,2.309021234512329,0.47553616762161255
drop_peak_amplitude,peak_amplitude 제외,33,8,peak_amplitude,0.7395832715141268,0.8932012523445801,81.81818181818181,65.17241379310344,16.639209225700164,2.6846616971589063,2.182732343673706,0.4802437424659729
drop_peak_amplitude,peak_amplitude 제외,44,8,peak_amplitude,0.7269250914992103,0.8939857506579089,80.95238095238095,65.6140350877193,16.14497528830313,2.623805546347508,2.246340751647949,0.5035403966903687
drop_peak_amplitude,peak_amplitude 제외,55,8,peak_amplitude,0.7394464207212125,0.8947203263512984,81.81818181818181,66.08391608391608,15.980230642504118,2.6153425859509167,2.267191171646118,0.5067378282546997
drop_peak_amplitude,peak_amplitude 제외,66,8,peak_amplitude,0.7411846644023792,0.8961823459352289,81.38528138528139,65.50522648083624,16.30971993410214,2.605570961292798,2.265697717666626,0.5104168653488159
drop_peak_amplitude,peak_amplitude 제외,77,8,peak_amplitude,0.7365126812398202,0.8939215644322729,82.25108225108225,65.7439446366782,16.30971993410214,2.592977569647832,2.291046142578125,0.5151380300521851
drop_peak_amplitude,peak_amplitude 제외,88,8,peak_amplitude,0.7308680595365821,0.8905339580792628,80.08658008658008,64.23611111111111,16.968698517298186,2.664264033684823,2.173668384552002,0.4881117343902588
drop_crest_factor,crest_factor 제외,11,8,crest_factor,0.7335779561319369,0.89352218347276,80.08658008658008,66.07142857142857,15.650741350906095,2.597664602165849,2.234711170196533,0.5133835077285767
drop_crest_factor,crest_factor 제외,22,8,crest_factor,0.7399534169476875,0.897180798334011,83.54978354978356,66.32302405498282,16.14497528830313,2.6407623255307597,2.190173625946045,0.4971027374267578
drop_crest_factor,crest_factor 제외,33,8,crest_factor,0.7449458934012185,0.8973733570109188,82.25108225108225,66.43356643356644,15.815485996705107,2.62848695129093,2.2602322101593018,0.5017672777175903
drop_crest_factor,crest_factor 제외,44,8,crest_factor,0.7373411790021132,0.8938930372208791,80.95238095238095,66.31205673758865,15.650741350906095,2.5916035974643923,2.2632572650909424,0.5156517028808594
drop_crest_factor,crest_factor 제외,55,8,crest_factor,0.7369244139272201,0.8949414122396,81.38528138528139,66.19718309859155,15.815485996705107,2.6038750345331643,2.2692270278930664,0.5110540390014648
drop_crest_factor,crest_factor 제외,66,8,crest_factor,0.7324294838611941,0.8941640457291198,82.25108225108225,65.7439446366782,16.30971993410214,2.6094027763304566,2.3029885292053223,0.5089758634567261
drop_crest_factor,crest_factor 제외,77,8,crest_factor,0.7356865061519458,0.8964961452605604,83.11688311688312,66.43598615916954,15.980230642504118,2.6230081539747205,2.2762527465820312,0.5038421154022217
drop_crest_factor,crest_factor 제외,88,8,crest_factor,0.7334122767806668,0.8927162897508861,81.38528138528139,65.73426573426573,16.14497528830313,2.6384313376324346,2.209576368331909,0.4979901909828186
drop_energy_trend_slope,energy_trend_slope 제외,11,8,energy_trend_slope,0.7439558379548992,0.895618933510202,80.51948051948052,65.49295774647888,16.14497528830313,2.604464358798646,2.251776933670044,0.510832667350769
drop_energy_trend_slope,energy_trend_slope 제외,22,8,energy_trend_slope,0.7381830355057116,0.8928446622021581,80.08658008658008,63.793103448275865,17.29818780889621,2.641994504912767,2.253974199295044,0.4966333508491516
drop_energy_trend_slope,energy_trend_slope 제외,33,8,energy_trend_slope,0.7385519585122782,0.8952195525506893,80.51948051948052,65.26315789473684,16.30971993410214,2.648495293720911,2.317436695098877,0.49415314197540283
drop_energy_trend_slope,energy_trend_slope 제외,44,8,energy_trend_slope,0.7421523236675385,0.8971594029254655,83.11688311688312,65.3061224489796,16.803953871499175,2.645246716045825,2.2334492206573486,0.4953933358192444
drop_energy_trend_slope,energy_trend_slope 제외,55,8,energy_trend_slope,0.7435822041599657,0.8955333518760208,80.95238095238095,65.15679442508711,16.474464579901152,2.625092550190223,2.2852420806884766,0.5030532479286194
drop_energy_trend_slope,energy_trend_slope 제외,66,8,energy_trend_slope,0.7497378942673927,0.8975159930678877,82.68398268398268,65.63573883161511,16.474464579901152,2.6150619757694997,2.2832159996032715,0.5068436861038208
drop_energy_trend_slope,energy_trend_slope 제외,77,8,energy_trend_slope,0.7448521776327606,0.8963321137950463,82.25108225108225,65.51724137931035,16.474464579901152,2.6139188937947946,2.2453904151916504,0.5072747468948364
drop_energy_trend_slope,energy_trend_slope 제외,88,8,energy_trend_slope,0.742766650421845,0.8934294700357303,80.51948051948052,64.80836236933798,16.639209225700164,2.6401941975057843,2.225113868713379,0.4973191022872925
drop_cumulative_energy,cumulative_energy 제외,11,8,cumulative_energy,0.6692118764588337,0.8577989830049139,59.74025974025974,63.30275229357798,13.179571663920923,2.754288537295918,2.2168009281158447,0.45293426513671875
drop_cumulative_energy,cumulative_energy 제외,22,8,cumulative_energy,0.6959209059083425,0.8718700300248899,62.33766233766234,62.33766233766234,14.332784184514002,2.695479766520686,2.2323718070983887,0.47604644298553467
drop_cumulative_energy,cumulative_energy 제외,33,8,cumulative_energy,0.6757196007218439,0.8628126404073686,64.93506493506493,63.02521008403362,14.497528830313016,2.8685957856791555,2.3589723110198975,0.40658384561538696
drop_cumulative_energy,cumulative_energy 제외,44,8,cumulative_energy,0.6919027513890141,0.8687320367715755,62.33766233766234,62.608695652173914,14.168039538714991,2.7007310442772616,2.3091535568237305,0.4740029573440552
drop_cumulative_energy,cumulative_energy 제외,55,8,cumulative_energy,0.6829413061642619,0.864738227176448,59.307359307359306,62.55707762557078,13.509060955518946,2.7594321360564344,2.248821496963501,0.45088911056518555
drop_cumulative_energy,cumulative_energy 제외,66,8,cumulative_energy,0.6694407855442299,0.8589685986720583,60.60606060606061,61.94690265486726,14.168039538714991,2.780609314236135,2.3168458938598633,0.4424285292625427
drop_cumulative_energy,cumulative_energy 제외,77,8,cumulative_energy,0.689964048339204,0.8707717323862298,63.63636363636363,62.82051282051282,14.332784184514002,2.6913876470578963,2.260380744934082,0.4776361584663391
drop_cumulative_energy,cumulative_energy 제외,88,8,cumulative_energy,0.6856306745562647,0.8667493955797085,61.904761904761905,62.99559471365639,13.838550247116968,2.766270535233816,2.1998157501220703,0.44816410541534424
drop_inter_segment,세그먼트 간 이력 제외 (스펙트로그램에 없는 정보),11,8,"energy_trend_slope,cumulative_energy",0.601824653399971,0.8198577918512021,57.142857142857146,58.92857142857143,15.156507413509061,2.9340249467242927,2.3263449668884277,0.3792049288749695
drop_inter_segment,세그먼트 간 이력 제외 (스펙트로그램에 없는 정보),22,8,"energy_trend_slope,cumulative_energy",0.5984408159809028,0.8165914261466157,55.41125541125541,59.25925925925926,14.497528830313016,2.952384088810487,2.3282816410064697,0.37141162157058716
drop_inter_segment,세그먼트 간 이력 제외 (스펙트로그램에 없는 정보),33,8,"energy_trend_slope,cumulative_energy",0.5738017962812504,0.8009727779085275,50.64935064935065,57.073170731707314,14.497528830313016,3.0249341468894126,2.321845769882202,0.3401389718055725
drop_inter_segment,세그먼트 간 이력 제외 (스펙트로그램에 없는 정보),44,8,"energy_trend_slope,cumulative_energy",0.5909009075820977,0.8169480162890378,52.81385281385281,60.09852216748769,13.344316309719934,3.0142624697244202,2.350538492202759,0.3447866439819336
drop_inter_segment,세그먼트 간 이력 제외 (스펙트로그램에 없는 정보),55,8,"energy_trend_slope,cumulative_energy",0.585416382255173,0.8060078307195275,48.917748917748916,60.42780748663102,12.191103789126853,2.9723532242787654,2.3849241733551025,0.3628796935081482
drop_inter_segment,세그먼트 간 이력 제외 (스펙트로그램에 없는 정보),66,8,"energy_trend_slope,cumulative_energy",0.5932885747824628,0.8138314184442685,55.84415584415584,60.0,14.168039538714991,2.9812511452086867,2.3584372997283936,0.3590594530105591
drop_inter_segment,세그먼트 간 이력 제외 (스펙트로그램에 없는 정보),77,8,"energy_trend_slope,cumulative_energy",0.6023717006461771,0.8195225971173252,55.41125541125541,60.37735849056604,13.838550247116968,2.987942944493884,2.2696714401245117,0.356178879737854
drop_inter_segment,세그먼트 간 이력 제외 (스펙트로그램에 없는 정보),88,8,"energy_trend_slope,cumulative_energy",0.5971326863909762,0.8164059992725562,54.112554112554115,60.09615384615385,13.673805601317957,2.94048417470689,2.342592477798462,0.37646859884262085
drop_intra_segment,세그먼트 내 통계 제외 (스펙트로그램에서 복원 가능),11,8,"rms_energy,kurtosis,peak_amplitude,crest_factor",0.7252085465192554,0.8949770712538423,81.81818181818181,66.54929577464789,15.650741350906095,2.7012383376279745,2.4225234985351562,0.47380536794662476
drop_intra_segment,세그먼트 내 통계 제외 (스펙트로그램에서 복원 가능),22,8,"rms_energy,kurtosis,peak_amplitude,crest_factor",0.7421733055546393,0.8992775483714528,83.11688311688312,65.52901023890784,16.639209225700164,2.6447748384745395,2.3185007572174072,0.49557334184646606
drop_intra_segment,세그먼트 내 통계 제외 (스펙트로그램에서 복원 가능),33,8,"rms_energy,kurtosis,peak_amplitude,crest_factor",0.7329762479763298,0.8949057532253578,82.25108225108225,65.51724137931035,16.474464579901152,2.6370048311237726,2.26893949508667,0.49853283166885376
drop_intra_segment,세그먼트 내 통계 제외 (스펙트로그램에서 복원 가능),44,8,"rms_energy,kurtosis,peak_amplitude,crest_factor",0.7302028478911152,0.8940356732778479,82.25108225108225,67.13780918727915,15.321252059308073,2.609792618825325,2.2562296390533447,0.5088291168212891
drop_intra_segment,세그먼트 내 통계 제외 (스펙트로그램에서 복원 가능),55,8,"rms_energy,kurtosis,peak_amplitude,crest_factor",0.7262003843560325,0.8958328875956553,83.98268398268398,66.21160409556315,16.30971993410214,2.61501201342418,2.2443666458129883,0.5068625211715698
drop_intra_segment,세그먼트 내 통계 제외 (스펙트로그램에서 복원 가능),66,8,"rms_energy,kurtosis,peak_amplitude,crest_factor",0.7246022659011004,0.8948059079854797,83.11688311688312,67.6056338028169,15.156507413509061,2.619838271791413,2.291388511657715,0.5050405263900757
drop_intra_segment,세그먼트 내 통계 제외 (스펙트로그램에서 복원 가능),77,8,"rms_energy,kurtosis,peak_amplitude,crest_factor",0.7357837877764806,0.8977085517447955,84.41558441558442,67.01030927835052,15.815485996705107,2.6123899299760427,2.242077112197876,0.5078510046005249
drop_intra_segment,세그먼트 내 통계 제외 (스펙트로그램에서 복원 가능),88,8,"rms_energy,kurtosis,peak_amplitude,crest_factor",0.7247910023761852,0.8928731894135519,82.68398268398268,65.86206896551724,16.30971993410214,2.6653211199048217,2.1838743686676025,0.4877054691314697
drop_all,상태 입력 전체 제외,11,8,"rms_energy,kurtosis,peak_amplitude,crest_factor,energy_trend_slope,cumulative_energy",0.6033103523764989,0.820342754444896,55.84415584415584,60.563380281690144,13.838550247116968,2.939908764779453,2.28975510597229,0.3767126202583313
drop_all,상태 입력 전체 제외,22,8,"rms_energy,kurtosis,peak_amplitude,crest_factor,energy_trend_slope,cumulative_energy",0.6018269639913254,0.8167483258092815,56.70995670995671,57.9646017699115,15.650741350906095,2.966007290831831,2.3009936809539795,0.3655972480773926
drop_all,상태 입력 전체 제외,33,8,"rms_energy,kurtosis,peak_amplitude,crest_factor,energy_trend_slope,cumulative_energy",0.5792627322779305,0.8041963527960233,49.35064935064935,58.16326530612245,13.509060955518946,3.0231718986616394,2.3059730529785156,0.34090757369995117
drop_all,상태 입력 전체 제외,44,8,"rms_energy,kurtosis,peak_amplitude,crest_factor,energy_trend_slope,cumulative_energy",0.600289061184242,0.8179036778707289,55.41125541125541,60.093896713615024,14.00329489291598,2.994968804911834,2.3201515674591064,0.3531475067138672
drop_all,상태 입력 전체 제외,55,8,"rms_energy,kurtosis,peak_amplitude,crest_factor,energy_trend_slope,cumulative_energy",0.5841178737885357,0.8099588494975646,53.246753246753244,60.294117647058826,13.344316309719934,3.052247773168331,2.3278656005859375,0.32816874980926514
drop_all,상태 입력 전체 제외,66,8,"rms_energy,kurtosis,peak_amplitude,crest_factor,energy_trend_slope,cumulative_energy",0.5950943912749709,0.8135104873160887,55.84415584415584,59.72222222222222,14.332784184514002,3.031055090232108,2.323349714279175,0.3374658226966858
drop_all,상태 입력 전체 제외,77,8,"rms_energy,kurtosis,peak_amplitude,crest_factor,energy_trend_slope,cumulative_energy",0.5917985322785232,0.8116633503783421,49.35064935064935,60.0,12.520593080724877,3.017108611582366,2.3286666870117188,0.34354865550994873
drop_all,상태 입력 전체 제외,88,8,"rms_energy,kurtosis,peak_amplitude,crest_factor,energy_trend_slope,cumulative_energy",0.5976922489423238,0.8173188700371566,54.97835497835498,57.46606334841629,15.485996705107084,2.9542825034978684,2.3114776611328125,0.3706030249595642
