metric,higher_is_better,baseline,baseline_label,proposed_mean,proposed_std,baseline_mean,baseline_std,baseline_deterministic_observed,baseline_deterministic_nominal,baseline_variance_source,test_used,mean_improvement,pct_improvement,t_stat,p_ttest,p_rank,effect_size_name,effect_size,effect_label,n_seeds,wins,p_ttest_holm,significant_holm,rank_test_p_floor,rank_test_underpowered
pr_auc,True,Single AE,Spectrogram-only,0.7358620377945876,0.006170276385367724,0.5874892275791311,0.026650544236510986,False,False,init_and_shuffle,paired,0.14837281021545642,25.255409503737926,23.611191291556178,1.1211877671793194e-12,6.103515625e-05,d_z,6.096383377087644,large,15,15,1.7117442927944037e-11,True,6.103515625e-05,False
pr_auc,True,LogReg/Ridge,Logistic / Ridge,0.7358620377945876,0.006170276385367724,0.7260511188160609,0.004243923123455566,False,False,train_bootstrap,welch,0.009810918978526869,1.351271105335544,5.073865475996672,3.139701186625987e-05,0.00013564226281566485,hedges_g,1.8026403729405822,,15,13,6.441645971091108e-05,True,6.103515625e-05,False
pr_auc,True,GradientBoosting,Gradient boosting,0.7358620377945876,0.006170276385367724,0.6907878600905287,0.02834038969075589,False,False,train_bootstrap,welch,0.04507417770405888,6.525039061652277,6.018813741825014,2.1472153236970358e-05,4.8063230506309336e-05,hedges_g,2.138361117288412,,15,14,6.441645971091108e-05,True,6.103515625e-05,False
roc_auc,True,Single AE,Spectrogram-only,0.8940915390668274,0.001649303157421229,0.8109796482119381,0.011104689343057233,False,False,init_and_shuffle,paired,0.08311189085488918,10.248332499851964,30.432649410082988,3.423768841154343e-14,6.103515625e-05,d_z,7.857676289748025,large,15,15,7.18991456642412e-13,True,6.103515625e-05,False
roc_auc,True,LogReg/Ridge,Logistic / Ridge,0.8940915390668274,0.001649303157421229,0.8817994014040142,0.0038546119346246767,False,False,train_bootstrap,welch,0.012292137662813096,1.3939834437675247,11.354955153177125,6.711853380034158e-10,3.3918213908250945e-06,hedges_g,4.034182752554361,,15,15,6.040668042030742e-09,True,6.103515625e-05,False
roc_auc,True,GradientBoosting,Gradient boosting,0.8940915390668274,0.001649303157421229,0.8753004271949908,0.008049826623106921,False,False,train_bootstrap,welch,0.018791111871836737,2.146818542298122,8.856908981716977,2.1993105967663818e-07,3.3918213908250945e-06,hedges_g,3.1466781658744862,,15,15,1.0996552983831908e-06,True,6.103515625e-05,False
recall_fixed,True,Single AE,Spectrogram-only,80.98124098124097,0.9323046518234415,50.476190476190474,4.54854564036838,False,False,init_and_shuffle,paired,30.505050505050505,60.43453401943968,25.020191957759593,5.068900732493092e-13,0.0006533107814151376,d_z,6.460185784754376,large,15,15,8.617131245238257e-12,True,6.103515625e-05,False
recall_fixed,True,LogReg/Ridge,Logistic / Ridge,80.98124098124097,0.9323046518234415,75.95959595959597,1.4062523161948781,False,False,train_bootstrap,welch,5.021645021645019,6.610942249240116,11.527043301416295,2.4211979185546697e-11,3.019367784905813e-06,hedges_g,4.0953221432591524,,15,15,2.6633177104101365e-10,True,6.103515625e-05,False
recall_fixed,True,GradientBoosting,Gradient boosting,80.98124098124097,0.9323046518234415,61.93362193362193,4.039373193585272,False,False,train_bootstrap,welch,19.047619047619044,30.754892823858338,17.795179053582753,9.987317301882585e-12,3.09731188964829e-06,hedges_g,6.322262258912893,,15,15,1.298351249244736e-10,True,6.103515625e-05,False
precision_fixed,True,Single AE,Spectrogram-only,65.43020744257892,0.7214334074267167,58.43282247431527,2.055972337502273,False,False,init_and_shuffle,paired,6.997384968263636,11.97509323007528,12.932991815212317,3.556965056074262e-09,6.103515625e-05,d_z,3.3392841277969425,large,15,15,2.8455720448594095e-08,True,6.103515625e-05,False
precision_fixed,True,LogReg/Ridge,Logistic / Ridge,65.43020744257892,0.7214334074267167,60.61846864068148,0.9704427303278588,False,False,train_bootstrap,welch,4.811738801897452,7.937743908410547,15.411344677311902,1.5188343092892958e-14,3.3833394126542183e-06,hedges_g,5.475334781351937,,15,15,3.3414354804364506e-13,True,6.103515625e-05,False
precision_fixed,True,GradientBoosting,Gradient boosting,65.43020744257892,0.7214334074267167,64.357219439552,1.750787319102158,False,False,train_bootstrap,welch,1.0729880030269092,1.6672379763621101,2.1945837732750593,0.04109146919275677,0.08894688604381429,hedges_g,0.7796906185670615,,15,10,0.04109146919275677,True,6.103515625e-05,False
far_fixed,False,Single AE,Spectrogram-only,16.287753981328937,0.5459229010829482,13.629873695771554,0.951425375372006,False,False,init_and_shuffle,paired,-2.657880285557385,-19.500402900886375,10.416778012462947,5.62016951154938e-08,0.0006533107814151376,d_z,2.6896005175605726,large,15,0,3.372101706929628e-07,True,6.103515625e-05,False
far_fixed,False,LogReg/Ridge,Logistic / Ridge,16.287753981328937,0.5459229010829482,18.780889621087315,0.5320148060935416,False,False,train_bootstrap,welch,2.4931356397583757,13.274853801169597,-12.667086135902688,4.1553812162355324e-13,3.2011198351344887e-06,hedges_g,-4.500355987780446,,15,15,7.479686189223959e-12,True,6.103515625e-05,False
far_fixed,False,GradientBoosting,Gradient boosting,16.287753981328937,0.5459229010829482,13.069741900054915,1.2463898262767326,False,False,train_bootstrap,welch,-3.2180120812740247,-24.621848739495793,9.159445118218468,1.9549901048132582e-08,6.547298648723043e-06,hedges_g,3.2541630522024825,,15,0,1.3684930733692807e-07,True,6.103515625e-05,False
rmse,False,Single AE,Spectrogram-only,2.6269677325880356,0.02232613785025816,2.9785907635305855,0.05876598305244632,False,False,init_and_shuffle,paired,0.3516230309425504,11.805013137345671,-20.853578030406272,6.0978730776989444e-12,6.103515625e-05,d_z,-5.38437069470669,large,15,15,8.537022308778522e-11,True,6.103515625e-05,False
rmse,False,LogReg/Ridge,Logistic / Ridge,2.6269677325880356,0.02232613785025816,2.8844161159746733,0.00978549692375046,False,False,train_bootstrap,welch,0.2574483833866376,8.92549386202702,-40.90392187359488,3.914947164360874e-20,3.3918213908250945e-06,hedges_g,-14.532324778765556,,15,15,9.00437847803001e-19,True,6.103515625e-05,False
rmse,False,GradientBoosting,Gradient boosting,2.6269677325880356,0.02232613785025816,2.914778438426424,0.05571094922289874,False,False,train_bootstrap,welch,0.2878107058383886,9.874188104457312,-18.572514025300393,2.304677274948796e-13,3.3918213908250945e-06,hedges_g,-6.598433436478768,,15,15,4.3788868224027126e-12,True,6.103515625e-05,False
mae,False,Single AE,Spectrogram-only,2.247004667917887,0.04426588447690694,2.3263610045115155,0.03507171803737793,False,False,init_and_shuffle,paired,0.07935633659362792,3.411178937393296,-6.889393927590653,7.449232825044734e-06,0.0001220703125,d_z,-1.7788338631347402,medium,15,14,2.9796931300178936e-05,True,6.103515625e-05,False
mae,False,LogReg/Ridge,Logistic / Ridge,2.247004667917887,0.04426588447690694,2.4037881747847893,0.021359841829549097,False,False,train_bootstrap,welch,0.15678350686690218,6.522351200140128,-12.354451875858167,7.191628228015786e-11,3.3918213908250945e-06,hedges_g,-4.389283445201859,,15,15,7.191628228015786e-10,True,6.103515625e-05,False
mae,False,GradientBoosting,Gradient boosting,2.247004667917887,0.04426588447690694,2.476391008681217,0.050612834437100074,False,False,train_bootstrap,welch,0.22938634076332975,9.262928994621397,-13.212646136564402,1.9717502450798912e-13,3.3918213908250945e-06,hedges_g,-4.694182270267983,,15,15,3.943500490159783e-12,True,6.103515625e-05,False
r2,True,Single AE,Spectrogram-only,0.5023094654083252,0.008461187851128748,0.3599704106648763,0.02540387836798325,False,False,init_and_shuffle,paired,0.1423390547434489,39.54187636715594,19.904710159034813,1.1472516176473371e-11,6.103515625e-05,d_z,5.139374063801827,large,15,15,1.3767019411768045e-10,True,6.103515625e-05,False
r2,True,LogReg/Ridge,Logistic / Ridge,0.5023094654083252,0.008461187851128748,0.4000140027581302,0.004075517777665621,False,False,train_bootstrap,welch,0.10229546265019501,25.57297043224967,42.18556830148625,3.800012737262065e-21,3.3918213908250945e-06,hedges_g,14.98766747669119,,15,15,9.120030569428956e-20,True,6.103515625e-05,False
r2,True,GradientBoosting,Gradient boosting,0.5023094654083252,0.008461187851128748,0.3871138995400592,0.02352794395796374,False,False,train_bootstrap,welch,0.11519556586826599,29.757538028247772,17.843795747324204,1.0698401829965023e-12,3.3918213908250945e-06,hedges_g,6.339534773399495,,15,15,1.7117442927944037e-11,True,6.103515625e-05,False
